{
  "field_name": "address",
  "patterns": [
    {
      "pattern": "\\bSS4C/5,PETALING\\b",
      "accuracy": 0.4390451832907076,
      "regularized_accuracy": 0.24904245785938078,
      "weight": 0.4390451832907076,
      "confidence": 0.24904245785938078
    }
  ],
  "n_patterns": 5,
  "min_accuracy": 0.4
}