{
  "field_name": "date",
  "patterns": [
    {
      "pattern": "(\\d{2}[/-]\\d{2}[/-]\\d{4})",
      "accuracy": 0.9725951113739404,
      "regularized_accuracy": 0.6200275070936208,
      "weight": 0.9725951113739404,
      "confidence": 0.6200275070936208
    },
    {
      "pattern": "(\\d{1,2}\\s[A-Z]{3}\\s\\d{4})",
      "accuracy": 0.8872589398905187,
      "regularized_accuracy": 0.5543860377848273,
      "weight": 0.8872589398905187,
      "confidence": 0.5543860377848273
    },
    {
      "pattern": "(\\d{2}[/-]\\d{2}[/-]\\d{2})",
      "accuracy": 0.8824653875887275,
      "regularized_accuracy": 0.5289123870577601,
      "weight": 0.8824653875887275,
      "confidence": 0.5289123870577601
    }
  ],
  "n_patterns": 5,
  "min_accuracy": 0.4
}