{
  "field_name": "total",
  "patterns": [
    {
      "pattern": "(?i)AMOUNT[:\\s]*([0-9]+[.,][0-9]{2})",
      "accuracy": 0.773131313131313,
      "regularized_accuracy": 0.1588397183960819,
      "weight": 0.773131313131313,
      "confidence": 0.1588397183960819
    },
    {
      "pattern": "(?i)GRAND TOTAL[:\\s]*([0-9]+[.,][0-9]{2})",
      "accuracy": 0.7999999999999999,
      "regularized_accuracy": 0.14628571428571424,
      "weight": 0.7999999999999999,
      "confidence": 0.14628571428571424
    },
    {
      "pattern": "(?i)TOTAL[:\\s]*([0-9]+[.,][0-9]{2})",
      "accuracy": 0.7409702590553655,
      "regularized_accuracy": 0.1367037786466353,
      "weight": 0.7409702590553655,
      "confidence": 0.1367037786466353
    },
    {
      "pattern": "(?:RM|\\$)?\\s*([0-9]+[.,][0-9]{2})",
      "accuracy": 0.4862095834705931,
      "regularized_accuracy": 0.0,
      "weight": 0.4862095834705931,
      "confidence": 0.0
    }
  ],
  "n_patterns": 5,
  "min_accuracy": 0.4
}