{
  "field_name": "total",
  "patterns": [
    {
      "pattern": "(?i)GRAND TOTAL[:\\s]*([0-9]+[.,][0-9]{2})",
      "accuracy": 0.9,
      "regularized_accuracy": 0.257,
      "weight": 0.9,
      "confidence": 0.257
    },
    {
      "pattern": "(?i)TOTAL[:\\s]*([0-9]+[.,][0-9]{2})",
      "accuracy": 0.7609848484848486,
      "regularized_accuracy": 0.157030116505969,
      "weight": 0.7609848484848486,
      "confidence": 0.157030116505969
    },
    {
      "pattern": "(?i)AMOUNT[:\\s]*([0-9]+[.,][0-9]{2})",
      "accuracy": 0.6909090909090909,
      "regularized_accuracy": 0.07219834710743811,
      "weight": 0.6909090909090909,
      "confidence": 0.07219834710743811
    }
  ],
  "n_patterns": 5,
  "min_accuracy": 0.6
}